{"penalty": "l1", "tol": 0.0022570533154869094, "C": 0.9739153979206847, "class_weight": null, "max_iter": 600}