{"penalty": "l1", "tol": 0.00446913094579992, "C": 0.023870374929606163, "class_weight": null, "max_iter": 200}