{"max_dist": 0.443107123189851, "anomaly_threshold": 0.32212329963591574, "num_bootstrap_samples": 500}