{"max_dist": 0.5503316448799221, "anomaly_threshold": 0.4353237161161866, "num_bootstrap_samples": 4000}