{"max_dist": 0.3958201223539185, "anomaly_threshold": 0.3297874357378895, "num_bootstrap_samples": 500}