{"max_dist": 0.3824737556143417, "anomaly_threshold": 0.3413974758383719, "num_bootstrap_samples": 4000}