{"max_dist": 0.5187745593683153, "anomaly_threshold": 0.30220723334688804, "num_bootstrap_samples": 1000}