{"max_dist": 0.48000000000000004, "anomaly_threshold": 0.49000000000000005, "num_bootstrap_samples": 3500}