{"penalty": "l1", "tol": 0.009288038377171856, "C": 2.0874736040063357, "class_weight": null, "max_iter": 500}