{"max_dist": 0.4523447133537472, "anomaly_threshold": 0.3031824809040604, "num_bootstrap_samples": 3000}