{"penalty": "l1", "tol": 0.0007124970856132512, "C": 3.9749382653478875, "class_weight": null, "max_iter": 300}