{"max_dist": 0.35597127473040735, "anomaly_threshold": 0.8734989052652222, "num_bootstrap_samples": 2500}