{"penalty": "l1", "tol": 0.01643426995589998, "C": 294.6414399235985, "class_weight": null, "max_iter": 1000}