{"max_dist": 0.3818496903615652, "anomaly_threshold": 0.30757385885731064, "num_bootstrap_samples": 5000}