{"penalty": "l1", "tol": 0.0007821818179261913, "C": 0.04223305567538776, "class_weight": null, "max_iter": 1000}