{"penalty": "l1", "tol": 0.0013612821028494493, "C": 43.60458920874678, "class_weight": null, "max_iter": 1000}