{"penalty": "l1", "tol": 0.0005605871446755044, "C": 0.16543808170285987, "class_weight": null, "max_iter": 400}