{"penalty": "l1", "tol": 0.02432207662081632, "C": 99.2296340024042, "class_weight": null, "max_iter": 900}