{"penalty": "l1", "tol": 0.009955835372052269, "C": 18.312952545407466, "class_weight": null, "max_iter": 700}