Fit,Predict,Optimize,GPU
56.83,46.489999999999995,2291.92,0
59.02,56.35,0.0,0
58.66,60.56999999999999,0.0,0
55.92,55.8,0.0,0
58.91,66.41,0.0,0
59.45,64.26,0.0,0
58.52,66.76,0.0,0
58.58,64.12,0.0,0
58.34,61.18,0.0,0
59.41,56.57,0.0,0
