{"max_dist": 0.6956442046219797, "anomaly_threshold": 0.32801462778570323, "num_bootstrap_samples": 4500}