{"max_dist": 0.45282033629221696, "anomaly_threshold": 0.4339452563007449, "num_bootstrap_samples": 4500}