{"max_dist": 0.3001740188518591, "anomaly_threshold": 0.3010320292378365, "num_bootstrap_samples": 4000}